{
    "TypeA": {
        "size": {
            "x": 40,
            "y": 40
        },
        "color": {
            "r": 100,
            "g": 100,
            "b": 255
        },
        "velocity_min": 25,
        "velocity_max": 50
    },
    "TypeB": {
        "size": {
            "x": 40,
            "y": 25
        },
        "color": {
            "r": 255,
            "g": 100,
            "b": 255
        },
        "velocity_min": 50,
        "velocity_max": 75
    },
    "TypeC": {
        "size": {
            "x": 25,
            "y": 25
        },
        "color": {
            "r": 255,
            "g": 255,
            "b": 100
        },
        "velocity_min": 75,
        "velocity_max": 100
    },
    "TypeD": {
        "size": {
            "x": 25,
            "y": 40
        },
        "color": {
            "r": 100,
            "g": 100,
            "b": 100
        },
        "velocity_min": 100,
        "velocity_max": 125
    }
}